transaction_amount,customer_age,account_balance,transaction_count,customer_type,transaction_type
1108.672038475987,28.902170956806177,6169.589992427774,3,basic,transfer
1196.5381967891028,37.01159655872839,5941.310580767484,7,standard,withdrawal
631.825153733671,40.86693801475275,6809.30634973311,4,basic,transfer
885.2675986239527,32.08188731084456,3986.104047707462,7,basic,withdrawal
775.0715816324262,40.792914996010886,6795.211355912323,2,premium,transfer
1187.1356786294923,35.678555105274036,5280.636404490137,4,standard,transfer
802.0790359482838,18.848681840944906,5420.094490451841,4,basic,deposit
818.4872675916804,26.494795457907,4082.4971789857364,8,premium,transfer
1126.586363551102,43.950383140761154,5622.711223900269,4,basic,deposit
843.3493415327525,45.30283454031842,5392.4159671787675,3,basic,withdrawal
912.053788345165,42.42127491071892,6532.367724678116,1,premium,withdrawal
1017.4094136476342,35.380034781682,6124.112719986013,5,premium,deposit
1164.6341167923829,36.76441555277225,5975.816719344709,3,standard,withdrawal
9231.058375106077,95.0,-1234.6732332133556,50,basic,transfer
1048.7601427542397,30.261606529290837,7218.780233448134,6,standard,deposit
836.6128658025527,39.27194361871685,5301.107339191742,5,premium,deposit
1022.7034690502496,29.425082149921664,4809.960964998506,3,premium,deposit
1208.8321754138144,37.87124165201824,3957.9555877568973,4,basic,withdrawal
1024.4019629290724,33.796188360464015,4104.9301577233955,0,standard,withdrawal
973.9713891264631,47.36093175210438,4752.974299254003,3,standard,transfer
879.2029626568359,40.92526949201183,4309.458947683741,5,basic,transfer
1055.3381598660037,51.334315323010955,4382.34810456565,3,basic,deposit
1099.59965824909,40.29692754356731,4512.771435886448,4,standard,transfer
1009.6169893322764,39.195324439070276,4937.808983000689,3,premium,withdrawal
1114.1781021386334,10.005942851264269,4455.885997885807,7,premium,transfer
1126.7838044636023,44.40771187988216,4426.398227103099,4,basic,withdrawal
915.8709354469282,38.95803533437409,4855.481329284482,5,standard,transfer
8992.197668401495,15.0,-534.1670165659526,49,standard,withdrawal
1005.7489645869636,23.0636316824352,5349.800024567908,5,standard,withdrawal
861.6183860237511,50.986471705047165,4162.7375689503,2,premium,transfer
710.3831317005352,44.190764829877686,4101.215951676872,5,premium,transfer
753.8271367132089,33.03650150915022,3230.924095110882,6,standard,withdrawal
1094.2936714271991,22.457105768307507,7985.25900260341,5,standard,deposit
723.4400538071328,35.21271576736061,5069.34433703625,8,basic,transfer
1004.9020348517886,35.56649924897107,5347.6764835383365,9,basic,withdrawal
1011.6417436892,50.94505063224972,3446.2412339839357,6,standard,transfer
925.0358384900806,39.235990655934614,4797.019362604343,5,standard,transfer
1036.373251011699,30.339634981317577,4450.44286409142,4,premium,transfer
921.3322375345278,52.75310892609512,7693.033663980496,5,standard,transfer
1195.1090254244718,29.64764788439432,5223.23891412916,7,basic,transfer
1124.8239634104311,36.92049116490031,3133.460048639384,5,premium,deposit
1059.2240554129153,41.5232287841342,4973.47874075094,2,basic,deposit
1165.083269797606,40.387559924463694,5882.333062323409,6,basic,deposit
10495.498669140181,15.0,-1642.9320086398575,62,premium,withdrawal
1125.9257683847225,19.44104353796373,5487.872284871074,6,basic,deposit
879.9566245682411,33.529979983715116,5184.740578895725,4,standard,deposit
1239.0093257849685,48.10308746119608,4947.595549422531,8,basic,withdrawal
815.5669351644749,32.96326249823034,5968.184660532861,8,premium,deposit
988.8904602206762,27.465821296538167,4339.678860526553,7,premium,transfer
800.3291918522418,27.47843594409417,5342.337834489622,10,premium,deposit
1003.6836758379103,47.21033695525353,6072.9780477660115,6,basic,deposit
1237.678654689617,35.188496229448475,5479.441518086064,4,standard,deposit
988.09492878764,28.070948022040927,5246.504778432005,4,premium,transfer
704.2827508440316,30.111505782137257,3661.3942002767512,5,standard,transfer
715.0503627573087,28.473760206976092,5239.24686411115,10,premium,transfer
879.6586775541206,42.85800158650832,3770.450405547583,3,standard,transfer
1145.1533247797383,40.15939217704099,2780.699627252465,2,standard,withdrawal
907.3164614375075,41.42722759867544,6732.514999485092,4,standard,transfer
626.5469614816504,37.811914239693756,5784.604287898024,5,premium,transfer
896.5423099799256,35.436024463724536,6954.157433750286,9,basic,transfer
1179.91997508665,35.34083468259226,5425.887206193036,3,basic,transfer
1206.19990449919,41.982233136135896,4404.3387059565075,5,basic,withdrawal
1105.9608355830565,29.357524013426115,3707.7373048943814,5,standard,deposit
1770.5462981309443,31.751686164913774,5603.187431082343,6,premium,deposit
1082.6869806447403,32.73521108098473,3914.849473442202,5,standard,transfer
783.7873344800205,34.203586087542845,4957.176618688425,4,premium,transfer
993.4493459568004,43.83109777147159,4074.5753739404126,4,standard,transfer
1057.173078144981,13.48184598670695,4966.387435296287,6,premium,deposit
1072.279121101683,40.228354880355,5593.556722280862,3,premium,deposit
1288.31372413158,36.84551303197037,5689.707805245194,3,premium,transfer
1034.9155625663677,46.72729019259364,4182.911368931809,5,standard,deposit
827.7431597343473,22.031680520441533,4349.976065593102,4,basic,withdrawal
1014.3132474438785,34.724850949493636,4986.162253905763,8,standard,transfer
744.0846066528597,30.250963433774757,4781.9541046076265,7,standard,transfer
882.1270486111576,29.183190860513562,7024.309623286852,8,premium,withdrawal
875.4600960358812,51.283966231285376,5588.553269770719,6,premium,withdrawal
946.2222618890339,28.540358208754647,6870.965175371783,5,basic,deposit
1039.3722471738247,35.26885838994531,5097.983153470896,7,basic,withdrawal
828.7832348182266,6.277377867183507,3080.326843802344,2,premium,transfer
881.685722232834,39.190190093660455,5355.61334878566,4,basic,deposit
1254.3110189988317,43.52773675122219,6758.620484195133,5,basic,withdrawal
985.5979756839332,28.485819963855516,4802.6615796926735,4,premium,deposit
1092.4206948526542,33.70179300266574,7089.538721694773,6,standard,deposit
1200.706579578405,30.161141659456785,4848.7267163464885,5,basic,deposit
1064.8332704976883,27.644700574102334,7099.721789166515,8,premium,deposit
1074.2291746742617,45.240625258114626,4216.234334413603,4,basic,withdrawal
10087.715009317764,95.0,-1653.8882825738303,40,basic,transfer
992.4730595150303,47.96994546561109,5598.79438956191,6,premium,transfer
1210.728359321568,46.09699841956223,6030.580585624057,7,basic,withdrawal
1158.3325387925872,38.93317839394372,4399.576434261295,9,basic,transfer
575.2208551380386,32.86557129069792,6194.109403047372,5,basic,deposit
1191.0284641002477,40.36652752527286,5617.005949576697,7,standard,deposit
867.4752482108306,33.65982833327082,4770.609255931972,5,standard,deposit
902.9272904341793,40.94754341665286,2437.6663412046896,3,basic,withdrawal
1091.8360158456874,24.32197078420807,3464.4278767928945,4,premium,deposit
1325.7231091142585,48.01741289398798,5500.66572138121,4,basic,deposit
1229.8546652571351,29.646718140460774,5463.206292099123,5,basic,withdrawal
894.0479592465922,37.24451818559972,4358.518404777048,10,standard,deposit
760.7586751838659,28.10812181910432,5645.215585950057,7,standard,deposit
1315.9144291461425,28.882309090947146,6011.4630354083565,7,standard,transfer
1022.845529732408,25.00697767705089,4265.826201221505,2,basic,withdrawal
1295.0712433899105,44.92042349536523,6511.154930247348,5,basic,deposit
795.7534365738574,26.90396480078354,6904.136589573007,4,premium,deposit
1253.3822298373245,27.980083121932445,4624.803619676063,6,basic,deposit
669.0286656268461,41.93105607263144,4704.910085762093,6,basic,deposit
950.8513871828111,11.370675644581617,7426.716486345522,3,standard,transfer
1067.5205324150404,33.298153774750716,5682.05206571262,2,standard,transfer
11072.520714177272,95.0,-410.56703148153053,62,standard,transfer
950.9223767994259,37.010990467149675,6422.74813609994,9,standard,transfer
1037.3218246312717,46.26705136827583,5368.73314731752,3,standard,withdrawal
1051.9445003442963,26.125078221979,6124.353359870503,0,premium,deposit
927.4322879120682,36.94607455237243,6481.663402462598,6,premium,transfer
9549.536849116275,15.0,-801.4766650588001,46,premium,deposit
1053.4100531738518,56.70942717497814,5625.508016831036,3,standard,withdrawal
1183.0804235404148,22.742343369976588,5725.095786847997,6,standard,deposit
946.1186331110885,56.57308213265503,3482.1262533191903,4,standard,deposit
955.3074429348299,32.558433647093516,4449.463150508416,5,premium,transfer
11979.286405501463,95.0,-1196.7189481372752,57,standard,transfer
869.6327784395681,37.24684725751886,5225.307922040942,5,premium,withdrawal
1071.4030971930094,28.50722454933993,5189.706167610396,4,standard,deposit
1213.3349379178308,29.512750922590385,4587.002177856566,1,basic,transfer
1273.7263115064698,32.90676322848134,5668.741655592513,2,premium,transfer
1079.827222870414,28.921780129055676,4993.478684770542,4,basic,transfer
814.6139056843834,22.56136764608715,3888.5420430629683,4,premium,withdrawal
1037.2908629538856,32.753668500029754,6549.020151495188,2,standard,deposit
915.8031038359475,49.77530081055262,5472.002270919274,5,standard,transfer
1454.1385715608792,33.52397413701331,4233.343412216652,6,basic,deposit
1133.9345097660077,36.84680305864909,6097.152711753695,4,standard,withdrawal
1066.891357997405,27.808466807575797,5454.740912141135,4,premium,deposit
1187.6567611951996,7.967677070007628,5386.808520689203,5,standard,transfer
1075.4600986089704,47.26933223884308,5340.051294568891,5,standard,deposit
893.8006089996364,35.21311648671942,4795.528779013878,8,premium,deposit
750.44336360703,47.477420726737336,3984.9058081721314,7,basic,withdrawal
10036.49993182616,95.0,-583.4102843649091,60,basic,withdrawal
819.1366749791183,30.625416996765896,4665.92276902006,6,standard,deposit
1186.2560238232397,38.934853854217494,6374.438093170817,3,premium,deposit
1158.2063894086093,34.53079421120816,5059.9326302663285,8,basic,deposit
1151.7938440986536,59.39752406339273,4486.786433528415,2,basic,withdrawal
1022.1845179419732,16.104592690544692,4080.6154084135765,8,standard,withdrawal
992.8347921780097,34.756454077390174,5655.900776529761,6,premium,deposit
704.2956019265146,24.983799901050844,5621.571889856051,5,basic,withdrawal
869.3341534852576,40.524899544171475,4171.502975219754,4,standard,transfer
657.9663214686749,31.331755881853123,5789.056687375519,4,standard,withdrawal
1132.4261349042094,21.301970204209223,4642.554577189573,2,standard,withdrawal
1233.8591180891344,35.928449011411146,4073.3016911526893,3,standard,withdrawal
980.9408935226096,48.043402428781526,6832.557043479202,5,basic,transfer
962.6256711677282,51.39964529371393,4181.571334057999,6,premium,transfer
759.9407185888448,19.070062664683306,4776.797745365195,6,standard,transfer
1459.77962472385,28.77350638265548,3941.0924129433997,3,standard,deposit
1119.0314050873826,41.09138120907177,4352.458194364841,3,basic,deposit
699.3714093763788,44.039348410861955,4691.51721154418,4,standard,transfer
761.7393005594703,28.76231039304195,5262.561329001925,3,standard,deposit
8926.539255297304,95.0,-970.8936364574718,49,premium,deposit
648.2521027153771,53.260097135469366,5849.102110743144,5,standard,deposit
1174.491465656029,35.064222698109376,3483.357450579209,0,basic,transfer
860.0548984014829,39.55887772081608,3477.640813782109,6,premium,withdrawal
959.5614695132211,34.44230922342294,4999.291405423354,6,basic,transfer
749.7772847229394,44.85729995679863,5211.283692279473,6,premium,transfer
904.165152430942,48.173940656343255,4945.105999383713,3,premium,deposit
1136.3782979252624,28.87562625359562,4512.7970788050725,5,standard,deposit
897.9967202290507,39.68774256075024,5813.205186747977,7,standard,withdrawal
1354.160127127102,36.904996797790666,3767.4766852314906,4,standard,withdrawal
1139.2412729626838,27.719970587708655,7088.442772869925,5,basic,withdrawal
1369.791218989069,33.1710355889516,3414.016687762042,6,standard,withdrawal
922.4596880128032,26.088077745847126,5820.344012612456,3,standard,transfer
469.80603832139764,30.736424037944566,5858.451116656665,7,premium,withdrawal
1162.572423767792,37.33785911790748,4358.51309095569,5,standard,transfer
1088.8526622972079,24.32467085745727,4936.475425384645,3,standard,deposit
1261.0957614308659,36.69360824036078,4529.957852240498,7,standard,withdrawal
956.4637593545559,40.58326912521722,3749.592266030282,7,standard,deposit
1306.5477826005156,43.17766299200287,5404.294754961697,5,premium,deposit
1223.9149822869153,32.23186700111079,5260.280506582886,4,standard,transfer
616.2457569401918,42.716987106483444,3392.440135631026,6,premium,withdrawal
10278.912365081942,15.0,-1397.994455004377,47,basic,transfer
870.6854231514947,32.51308873816453,4769.599285794233,9,standard,deposit
1080.3423444197883,40.578103063518626,3928.9463203509513,8,standard,withdrawal
696.1260068091973,35.48860070325704,3739.8352348274198,7,standard,deposit
1154.9268106858674,52.495767431869396,5557.691060725125,4,premium,deposit
1019.2241553881967,28.459243168725763,7012.270445700765,3,standard,withdrawal
1350.4540886847244,47.81016361735113,5996.858773465808,3,standard,withdrawal
1304.6248154539314,38.996879517526416,4916.5620302096395,2,basic,withdrawal
1249.2170384995259,36.13270410537764,5038.237994960028,6,premium,transfer
1036.6684011476705,33.55912444278385,3851.205964841344,7,premium,transfer
674.4915124233675,33.79051851392219,5572.057441714144,7,basic,deposit
1098.4902528016298,27.48030668261181,4703.392540930202,3,premium,withdrawal
935.5876967588649,37.387891590265134,4491.036374292501,5,standard,deposit
799.4941270724382,26.015320182089628,5363.631882624968,6,standard,deposit
919.7559056228328,21.881637676498404,6192.507512477975,4,basic,deposit
1130.0402355917322,30.636141094734313,6476.934426118274,6,premium,deposit
718.6677806303555,36.79581781939598,5902.277173786647,3,premium,deposit
990.8827967289004,40.60919447941239,4392.124739324182,4,premium,withdrawal
943.6430782278985,28.07579020126144,4514.694164632132,7,basic,transfer
1002.7858583825893,36.22670315994795,2364.252260983122,5,standard,withdrawal
771.4059404338753,26.530386516816723,5817.889658025028,3,basic,withdrawal
1130.2782502611597,18.54601253043108,3997.8125442185274,6,standard,withdrawal
1024.0591263423798,20.210884312258713,5534.50564848055,8,basic,transfer
1015.1609116387452,42.0810867668859,3029.8961822881647,3,standard,transfer
1103.0095372612095,44.81765486991594,4671.381524251015,5,premium,transfer
774.9021905403247,43.8404539636105,4745.044206446302,5,premium,withdrawal
1018.3521553071005,41.13517972730416,4227.122332176391,4,premium,transfer
941.6612500413446,42.604146561442974,6958.347454220594,11,basic,deposit
1009.4797342632828,44.325908318730896,4630.473071166642,4,basic,transfer
938.090712137202,39.28307097207649,2753.1106660153946,5,basic,withdrawal
913.4883624360758,44.553052085705104,5239.404500535377,6,premium,withdrawal
1310.1000985628154,31.907909229501364,4664.862218828548,4,standard,deposit
946.0250129413257,25.016145608117085,4721.037069668191,7,premium,transfer
1082.5561853872996,38.64961002466225,4417.241342388418,8,premium,transfer
910.7132770898943,24.09033569784802,5393.797298216252,6,standard,deposit
1107.7820087369316,28.48643106208171,3550.35478030147,6,standard,withdrawal
910.8994957198456,27.57529414301952,6962.587190530795,6,standard,withdrawal
1271.2480057141647,36.979107834626475,5089.580681255249,5,standard,transfer
1261.4285508564856,34.627777634901584,4590.717561886896,7,premium,transfer
695.3626190432451,48.95683810789956,6704.105516255491,6,basic,transfer
895.4279945693463,34.62963202951588,6341.475915530881,4,premium,transfer
1011.8436868028977,25.466713917412875,5534.629086122435,4,standard,transfer
820.5491257028336,33.47530163619456,5790.625599162769,7,basic,withdrawal
857.4308434645671,33.19520086409374,4104.653677636976,9,basic,withdrawal
1080.9963421921912,48.64140429973844,3356.8111888458325,2,premium,withdrawal
1149.250713205444,32.49953485401047,4166.943942999242,5,premium,withdrawal
583.6141184232556,24.934574347203586,5897.066196887132,2,premium,deposit
1023.4654766617564,22.903589813087947,5472.406277880377,4,basic,withdrawal
1205.8311274651287,23.209602088401976,6699.957374576381,3,basic,deposit
9403.396645091645,15.0,-1252.7448777222555,52,basic,withdrawal
647.3919689274533,40.72582781356159,4948.606276411514,6,standard,transfer
966.5763839366291,47.65707840864701,5573.1278132412,4,standard,transfer
1129.5377076201385,22.48460575809556,6173.124637586641,5,premium,transfer
505.67109997454213,50.421099525678756,4497.025229448657,4,basic,deposit
1062.1815131196008,28.31909546356951,4872.450879622465,6,premium,withdrawal
1038.2198136039806,45.005823180429786,4904.535752910927,7,basic,withdrawal
827.9173269432096,20.816342670669684,4868.5274043283325,3,premium,deposit
905.7923388763354,35.81829358547565,6617.212574968624,5,standard,deposit
9577.928114910304,95.0,-780.4249331497913,49,basic,deposit
808.8919118799149,43.15737212539297,4042.8490851049573,6,standard,deposit
557.7729381984229,45.88748619704186,5721.562505126143,8,basic,deposit
788.45781420882,34.5228864385802,4894.051645695864,3,premium,transfer
1370.4556369017876,39.254575617849646,5496.699223236522,4,basic,withdrawal
1043.2917179163949,48.92002286344599,5019.6166576939895,9,standard,deposit
10862.87617389974,95.0,-1115.5297684204493,50,basic,transfer
1042.8187488260407,33.499444129674735,5622.207144043402,5,premium,deposit
864.5676576975777,44.56702316794584,5892.597338299309,6,basic,transfer
1304.605971281605,49.437646040732595,5369.642192198094,0,standard,deposit
724.4661264085818,51.42015160136369,3810.588107132672,5,premium,withdrawal
884.6457338863335,29.194765501952773,6017.661466843502,4,standard,deposit
1005.951227899149,45.01046092567141,6328.933319535409,5,basic,deposit
1255.532979157685,51.72572386837703,6484.116028535965,3,standard,withdrawal
985.1108168467665,31.29385667913894,5937.570137626559,4,basic,withdrawal
763.348297466845,41.77925871339269,4706.033052335818,3,premium,deposit
940.1985299068265,36.200313267182615,5947.526462122858,5,standard,withdrawal
838.3012794213624,30.16813537700626,5953.125045376087,2,standard,withdrawal
969.6429809928833,51.77700814076441,3576.0428475498547,4,basic,transfer
1295.5788089483033,38.992231226052795,4373.282775410034,4,standard,withdrawal
9205.937742963979,95.0,-842.935251774667,54,standard,withdrawal
667.8078132968017,52.10613372581925,5612.468794013603,7,premium,deposit
1276.4317982075054,36.598563919974005,4968.560829625224,4,basic,deposit
977.0920309494765,21.33121301584579,5650.450092536139,4,basic,transfer
1418.477455137092,31.835915503051982,4818.775826781897,1,premium,deposit
1150.277424674358,39.446026682201406,3673.527871688917,8,premium,withdrawal
1121.5793019433079,45.32546204341657,5482.0667273353865,2,basic,withdrawal
1026.5939348293753,31.919657158142588,4951.102816525894,6,premium,withdrawal
953.1726086101639,46.172958315881274,5447.716925810278,3,premium,deposit
804.3254444769937,34.758043936090836,5463.184795267584,5,premium,withdrawal
955.8060800933554,44.278401280812375,6533.727709916499,5,basic,withdrawal
1052.2110544359778,19.236078430157505,4118.125348772282,9,premium,transfer
1326.482260786327,28.265093757561317,4189.142488789662,7,standard,transfer
942.2682722159724,34.90881003355796,4579.238206318947,6,standard,transfer
1131.7088545345662,32.88869761172305,4483.570356112428,3,basic,deposit
1005.6636752260922,36.89581616598743,5622.069990306049,8,premium,withdrawal
832.0556315638448,50.30750832343698,3274.193271209403,8,standard,withdrawal
1305.9100638921227,46.48637349428715,4073.6188700184616,8,basic,withdrawal
880.1214709111956,47.18761851697317,4322.435347664345,7,standard,transfer
998.4054717366765,41.628812686674124,3153.8121377619063,3,premium,withdrawal
1228.5645629030041,30.32298798688109,5635.418030209226,6,basic,withdrawal
1073.7346617745802,28.537726901561967,5183.834516322504,4,standard,withdrawal
747.823209132991,36.25224502647907,4824.1455955679285,4,basic,withdrawal
1114.1197337186318,35.14688194729197,4956.523050186138,5,standard,withdrawal
1108.5120087171929,39.47708560017315,5142.9430947637065,6,standard,deposit
823.2285127597734,24.037249131047982,5670.480617241213,3,premium,withdrawal
1271.1275717609901,26.7311964596014,4387.76326549225,4,premium,deposit
1071.4225143023493,18.314159261224106,3620.3818352110693,2,standard,withdrawal
1122.1171490567647,31.968202171657246,5731.870704288295,9,basic,deposit
830.0311261070417,29.672991603380886,4954.588782067762,2,basic,withdrawal
1136.300139474525,40.01094169939845,3687.780806568594,8,premium,withdrawal
1170.4866669592448,25.316555451363648,3532.4747342475603,10,standard,withdrawal
958.375549928545,31.208722590125127,3401.8756481162527,5,premium,withdrawal
1227.1131280361199,57.90942572590742,4837.2070939277055,5,standard,transfer
1030.0603522923755,29.952250787717826,5081.995556413561,2,standard,withdrawal
834.5538112895354,39.746982328799525,5198.948146796494,5,premium,deposit
788.1572956222096,28.431057210286042,4607.9873600808705,4,basic,transfer
784.4510444141388,34.0166037320525,6114.321694668872,6,premium,transfer
11686.596136022188,15.0,-1225.6514321718323,45,standard,withdrawal
694.8949658150523,32.41203937332897,4411.133173261303,7,premium,deposit
992.088969228669,44.7519762978243,6081.766727672829,3,basic,deposit
1381.8833280940262,52.02214944635238,5176.820872139398,6,basic,transfer
977.5343900618341,28.56481769619857,4370.736606307211,6,standard,deposit
978.2479703086285,48.90207549017313,6235.782191822154,1,premium,withdrawal
893.8997704778945,50.28468426412532,3883.475560051341,5,basic,withdrawal
899.5891551294778,37.80161158819607,4700.161803725119,7,premium,withdrawal
1211.6848973699175,28.94384460263136,5695.537757565778,3,basic,withdrawal
1153.4869458305818,39.567532191537836,3873.2325310901947,7,standard,withdrawal
857.1297163947264,24.60094072874469,4180.742140278502,9,standard,transfer
774.0586290684764,60.58199285668252,6381.454078690486,6,premium,withdrawal
1076.8130897878614,39.59972142939117,5698.828420202535,8,standard,withdrawal
678.7107359484855,43.60473488359745,5343.787881549885,4,basic,transfer
950.2071703041853,21.280988570686436,5457.772866151886,6,standard,transfer
985.1133141799908,38.67287313401341,5095.344199441308,5,basic,transfer
1048.6678898645384,32.045196819708394,4460.877296851021,8,basic,deposit
1195.0239466835503,27.140105394920504,3788.828070719219,7,standard,deposit
1047.1229116217132,53.84586305934609,4769.1336261552315,5,basic,withdrawal
1088.0028900106665,34.73594243041073,4756.6160206249815,7,basic,withdrawal
798.3827378165192,41.30811684554777,5037.937835447602,4,premium,withdrawal
1207.5079888515797,28.977879396382193,3743.4931057207436,6,premium,deposit
1127.7184917554748,42.22381357827771,5564.6059258936,6,premium,withdrawal
916.9424172198397,17.315606344371485,6719.377906207297,3,standard,withdrawal
1350.9588363968728,48.1759753560796,2794.433942900931,4,premium,deposit
897.2266165326613,47.00413907944426,5693.478911913993,6,basic,transfer
1100.809303103569,42.18953310665067,3634.044288799466,3,standard,deposit
856.9392581480064,25.114088928490826,5715.381315441244,9,standard,withdrawal
1171.5319246404038,33.25040243304591,3548.824309948441,2,standard,deposit
892.0480639381277,44.9831089814796,4556.955978871518,4,standard,transfer
1190.8003526986404,21.10427533236404,5040.919175395721,2,basic,transfer
602.4862170798215,24.772074348015945,5407.052287124535,10,basic,transfer
1104.3883131233795,44.16327674702482,4672.1052834870825,5,premium,transfer
1149.4587210246523,15.062643574285445,5719.757942148182,4,standard,transfer
1011.1449824577389,27.654084232019507,7056.5435648295415,7,premium,transfer
950.4962728896991,43.08057798281145,3435.197228637945,2,basic,withdrawal
881.5212151522262,42.53341621104533,3700.4187630724023,5,standard,withdrawal
1048.9933142217446,34.939290884601064,6976.440584515485,6,basic,deposit
715.5492580804652,37.825799504882994,4241.504665299931,1,premium,withdrawal
980.6573776259215,33.81931473008921,3862.3143295751834,3,basic,transfer
1094.7184861270364,55.76747983560841,5505.470159166627,5,standard,withdrawal
718.3077407272881,31.468337071893117,3810.3333409096385,3,standard,deposit
1219.7553703974381,35.760053914124114,5604.515326355367,3,premium,transfer
730.3629155788574,31.08241850956178,5083.826627929361,5,standard,withdrawal
1218.8383036941898,26.89747562985619,3869.1115646740845,6,basic,withdrawal
1099.3428306022465,32.5876394214367,5696.954404510736,6,basic,deposit
1136.3905942589927,33.887739386513,4563.280263959405,4,basic,transfer
743.9141295007435,36.68460976269614,4395.255335461788,3,basic,deposit
959.3909227914014,47.083662305931426,4765.592199683678,4,premium,transfer
724.1361543970945,32.751440181919214,4823.225836884218,3,basic,transfer
986.7840402705367,52.269638512334055,4976.447849125762,5,premium,withdrawal
1062.2500309087072,23.96791634278317,3673.952313917962,6,basic,deposit
909.9869057041512,29.234895992732806,6995.667489783964,5,premium,deposit
984.5796581171792,41.38730222029184,5088.657590961438,6,basic,deposit
1438.0911251619957,30.062434168386876,5183.849544753695,6,basic,transfer
1235.8880241442573,44.495541354413234,4169.555593443435,4,premium,deposit
1412.1495849763974,33.27053940076577,5439.501230620226,6,standard,transfer
1233.5564123319614,26.81801116577693,4932.821709950645,7,standard,deposit
1255.6903725214597,44.191541736100014,3995.94540315799,7,standard,deposit
1019.4155098696081,51.83927691457869,5800.409525227682,5,premium,withdrawal
887.1842738526543,34.855477291217206,4840.9547895999485,2,standard,deposit
828.5684887167436,39.21920754235285,5601.206748929115,7,standard,withdrawal
803.6982697904098,33.147123411222914,4164.857098369977,5,premium,withdrawal
1129.7419775179285,24.72324859074042,4151.571365809185,6,standard,transfer
870.9760490789752,39.241659464019165,6133.770096867064,3,standard,deposit
901.3998130682335,32.964196398976384,5462.172666081943,1,standard,deposit
1013.7125949612055,31.507422956815713,4026.4538002955314,6,premium,deposit
834.2009978155855,38.30880232214457,6804.348109786743,8,premium,withdrawal
1129.0751899170295,49.711703274936085,4994.403981170954,5,standard,deposit
1231.6221747000136,58.19329539981695,6419.603004513638,5,standard,transfer
1051.9765588496848,42.32640077215579,4177.5800676178,4,premium,transfer
1194.3141901908712,18.86438602123259,6674.492433347537,4,standard,deposit
1067.6992814988828,36.40886246911204,4394.139179241107,8,premium,withdrawal
1309.986881003508,39.300416471910694,7759.660038911077,6,standard,transfer
987.4641805453656,24.5308901731806,6059.936384046622,6,premium,transfer
1192.6752258488643,36.504189051435766,5265.362349399628,8,basic,withdrawal
879.872262016239,19.16097176514277,6100.959634998571,4,basic,transfer
1194.510889925346,41.153674840130535,4461.158143807262,5,premium,withdrawal
750.8522442576024,36.255764534715425,3861.166882219231,10,basic,transfer
1190.08476763721,31.118231814587713,4402.489805308358,3,standard,withdrawal
872.5225745386965,27.915932330895373,4534.194430881837,4,premium,transfer
849.2527671285021,45.50654396007612,5926.2154022415925,2,premium,deposit
1121.201990269128,32.04598589860971,4815.47464234415,4,standard,transfer
1045.4919869208259,34.283987405859364,4305.286868910942,6,standard,transfer
1068.2303949633288,23.569950872695166,5197.315707405595,9,premium,deposit
1315.8425631014784,38.42725346377704,3429.1238479315007,6,standard,deposit
854.8512373693069,54.389289990582846,4215.2380918722965,5,premium,deposit
1615.7761616910475,32.78746376414228,4586.534838876724,8,standard,deposit
1312.9287311628013,56.42270358611864,5194.736194718775,4,premium,withdrawal
938.4443530093998,33.65691258529452,4883.234084204753,2,standard,withdrawal
1039.3109553023148,18.980341881028316,3600.693825198058,1,standard,transfer
867.6427070463224,40.50052099024552,3760.892924346099,5,basic,transfer
1156.364574355462,34.19283419891418,6121.030667324471,4,basic,transfer
1054.3157674390748,35.700521631131814,4960.692712372369,5,basic,withdrawal
1428.788817865065,25.103718634296627,4645.9592890589765,5,standard,transfer
1462.9317133347017,42.589285897867654,7412.615421612916,7,premium,transfer
859.9758370121654,42.796605322693395,3594.810153196425,6,standard,withdrawal
1185.2355095063283,38.088330125989636,4278.262446662747,3,basic,transfer
787.539257254779,31.783649487826175,5476.357769356219,2,standard,withdrawal
11465.71724170406,95.0,-1124.4868276403377,53,basic,withdrawal
1124.3619924434392,25.645612979554045,3991.445315923792,4,basic,deposit
1142.8000988184185,44.64087168288357,3779.2875740858417,5,premium,deposit
1034.2736562379941,14.582651315757094,4608.351432578209,7,premium,withdrawal
1065.2266044484236,33.12855734995451,4393.299705234704,4,basic,withdrawal
1051.5100781445528,40.43600154594432,5659.245668432405,5,basic,deposit
1166.067163308849,23.30083164289712,5025.38842054241,4,standard,transfer
832.1564953554723,43.95193220027733,2864.3257860213043,4,basic,transfer
1124.5699864694998,9.089577078550903,8109.918556005361,6,standard,transfer
586.5115799920247,55.13387247526623,5492.018847992799,3,basic,withdrawal
1036.967224738975,53.99881934895215,5890.247500836509,5,premium,deposit
9226.809031513372,95.0,-960.9962907605712,45,premium,transfer
891.1234550949634,30.538165667852205,7074.082669749973,1,basic,deposit
1151.501542009461,37.68592278863257,3292.642042407053,3,standard,deposit
884.6216260953703,47.62584103427182,3393.4228992613207,6,standard,withdrawal
667.695987546208,31.27166847908233,3980.3356613078845,4,standard,transfer
1096.2018463473426,19.374541431134574,4770.200369424806,7,basic,deposit
1118.6202515936768,24.376064718531204,5848.430882205284,3,basic,withdrawal
888.2156305456823,29.37831973421698,6246.891715534719,6,premium,withdrawal
1082.5862908551248,23.966333938261265,4592.963687073219,3,premium,withdrawal
922.9835439167367,44.246336829127685,6261.921500713992,0,basic,transfer
827.2018460640368,38.81158384882778,5829.732417879174,7,premium,transfer
1100.1834375248761,51.69904504351406,5551.476275239524,5,standard,withdrawal
1214.7263499719545,23.94295331514064,4721.116605849244,4,standard,transfer
732.9311282579797,31.506832038818025,4697.954500510135,6,basic,transfer
949.486369721368,32.05050321707972,6580.5406865683735,8,standard,deposit
1177.9261591246875,33.24114187567663,5885.231482988991,5,basic,withdrawal
1042.2034934405237,48.17115067339866,5651.521991339506,7,standard,withdrawal
895.0959467440452,28.56450167682538,4946.879346982455,8,basic,transfer
799.1718466495864,19.952796259689975,5562.880860174355,5,standard,withdrawal
1019.8664610858452,23.041169379648156,5390.695920928144,9,standard,withdrawal
812.024042734529,25.283859614893487,4137.224235956879,9,premium,withdrawal
818.3951848957578,34.59842049355657,4831.856181415211,2,premium,transfer
1220.6603764033043,34.77131937701118,5668.34048871808,6,premium,transfer
1040.6927271734446,29.169225614310616,4951.347648429549,2,premium,transfer
625.8416157948288,24.75813175670795,5683.32899281107,7,premium,deposit
1143.5084511591924,28.942850769966615,4642.970799193391,8,premium,withdrawal
1002.5184801563589,31.947752956453325,5319.651825918977,1,basic,deposit
896.3459563452706,41.47195939702741,5862.393472382759,3,basic,transfer
962.8682046672366,36.975996046923996,5285.554074857657,1,premium,deposit
742.0078200517892,26.724097793512804,3754.282623553616,5,basic,withdrawal
1232.632750430992,41.337768809320984,4680.152476745156,3,premium,withdrawal
609.5824400954996,51.391168054440676,6533.433701296326,7,basic,transfer
1103.8693028482344,34.74973041254856,5436.73855173351,3,standard,transfer
996.1967584194622,40.365098435704034,3747.606555586881,4,basic,deposit
978.5939280090885,20.78189333258156,4630.722860753797,3,basic,transfer
1013.9604169980038,44.638791167949094,7023.6062192296395,6,basic,deposit
1048.3924543132068,36.9652116970147,5638.0511014407575,2,standard,withdrawal
785.8215003877775,51.13711269058647,3556.145183866458,4,premium,withdrawal
1019.5352197097664,28.904877978407168,4495.820168992328,7,basic,withdrawal
893.8262454159359,37.332161312635016,4350.234773151733,4,basic,withdrawal
1025.8442363950455,32.18672442881787,5327.879524159357,5,standard,withdrawal
677.4568257620697,34.374068721004775,4737.109170791732,7,premium,deposit
1065.3854747528326,32.73515901150168,4214.013967365017,4,basic,withdrawal
11028.610311303379,15.0,-480.9937363420189,56,standard,deposit
778.694818251666,27.008079933497463,5389.614177370904,6,premium,withdrawal
840.6209489059047,55.06092888159123,5263.48721533106,4,premium,deposit
1126.556373221257,38.23167714184781,6992.515353168118,4,basic,deposit
914.623786010516,35.61679849847972,4081.3134885139057,2,basic,deposit
1002.6003783755814,38.02635465239033,5615.771149771142,7,basic,transfer
1021.2860455383793,66.93107567844861,4591.899160839779,6,basic,deposit
925.7118268008417,28.31855914461006,4949.795382958255,4,standard,deposit
1049.644117260067,19.052969327332043,5859.587886979802,4,standard,withdrawal
853.8139920116162,28.499974191765403,3451.3817011362535,4,basic,deposit
1366.2917531708708,46.906462747863415,4191.734278359074,8,premium,deposit
835.8635363296579,39.95681887972604,4896.778247067504,5,basic,transfer
1353.0908480562193,37.23914134064661,4896.745239850952,1,premium,withdrawal
797.5791249479665,39.28816500330573,4582.633186394915,4,premium,transfer
1369.3414651472067,38.61503525206102,4648.078682183491,5,premium,transfer
1218.3013703844924,46.48445709196755,4765.379430042586,6,standard,transfer
846.5304874223901,15.245334336461287,3914.174871114815,2,premium,deposit
693.1771658528755,36.19580368414153,5230.070759191402,6,premium,transfer
476.05097918205115,52.275431701007115,4981.291243554103,9,standard,transfer
1492.6484224970573,17.602862212219005,4060.0968988911354,5,premium,withdrawal
911.1413479847777,42.660802783846904,5790.371896051712,6,premium,withdrawal
11892.011769989696,15.0,-567.9650089305266,44,basic,withdrawal
820.3170657303284,36.60573981049865,6738.899663797579,5,premium,withdrawal
967.7428576667982,29.4969484615458,3106.3853330462143,8,premium,transfer
961.5278070437755,31.375590585968677,5829.474841931748,4,premium,withdrawal
1023.1349268585717,25.66732040926804,4382.746813453077,9,premium,deposit
639.0235798670963,41.48280433843859,5514.254756017835,3,premium,transfer
792.9515355161252,50.01333651955487,5143.388467342251,5,standard,withdrawal
1102.8877668117498,36.83359919779156,5887.655425873836,5,premium,transfer
859.5893812245295,45.78680833431296,6188.913371474643,4,premium,withdrawal
888.9600946613604,44.64851633097457,3296.128413173281,5,standard,transfer
1102.6534866226712,45.470983026121544,5431.922544673941,5,standard,withdrawal
834.9005606414977,16.637946268967035,5014.273067836434,4,premium,deposit
12086.375417551351,15.0,-1156.338584826638,59,premium,withdrawal
794.696940117788,32.850789697112646,5845.1579711843215,3,premium,transfer
560.2388086759836,29.075357408471056,4726.006918170696,8,basic,transfer
1375.3591625116132,38.67365506816178,4174.589470021045,8,basic,deposit
1066.7324210573897,30.429037434137282,6443.632003468814,5,premium,transfer
988.883065817909,27.527883208521764,5547.264797377967,8,standard,deposit
921.5783693735684,33.273727000591805,5351.448207541583,6,premium,transfer
906.8540492859486,48.29152530132431,7231.300146192632,2,standard,transfer
657.3730941818245,9.46078865098045,5418.398220888684,3,standard,deposit
757.7967600475087,31.003638143853976,4825.645742097164,9,standard,transfer
939.7792608821422,28.180157520022014,4656.80772450259,7,premium,transfer
976.8703435223518,32.52822617479403,5269.126941245107,5,premium,deposit
1125.6691018528559,31.908835357974986,6007.513689836922,4,standard,withdrawal
1379.3585965307896,34.42381202966415,4865.720837813696,3,basic,deposit
961.9322643832784,40.863640187550935,3996.0426279185012,6,basic,transfer
896.4777401927657,24.09600922557154,4743.82024750462,5,basic,withdrawal
804.2472568435385,38.01791899819466,4720.2398315041655,7,standard,withdrawal
1098.663580176178,41.72573701202731,3908.066099604687,5,premium,withdrawal
716.9258515899171,28.744372984904707,4324.821725025618,5,standard,deposit
807.0153078839792,28.309272613400836,3908.2991238606855,5,basic,withdrawal
947.0686333524088,34.35861653407007,4860.553724319,5,premium,withdrawal
739.1060998990293,31.346784486878914,2846.6570801287558,6,standard,withdrawal
1310.2303951045046,34.72695460490068,5838.940500469612,3,standard,transfer
964.6105545011901,33.68743032907695,4794.14056911966,3,basic,deposit
902.1121114963555,44.53136633913245,3796.7991446108554,6,standard,deposit
1144.334412808647,39.84732817294475,5372.105472606863,3,premium,transfer
1290.7068154314634,27.457241499806422,6203.8844371688165,7,basic,withdrawal
906.1648695790591,20.151020315500965,5522.514105265757,2,basic,transfer
1043.8300655327878,43.10808273159782,4364.442158595597,6,premium,transfer
744.6502848359381,46.61878302608191,4865.503215598267,3,basic,withdrawal
9930.62163305967,95.0,-344.4188516981917,49,standard,withdrawal
755.574438221611,31.652246678934592,6096.469233810883,5,standard,deposit
894.8489956638477,49.90726136849952,4018.8344688603183,6,basic,withdrawal
8912.739315725648,95.0,-1457.7385145451462,59,premium,transfer
729.6630788767333,39.891871301476634,6519.2839236417685,5,standard,transfer
858.4661068762439,28.37099082449052,4682.284903243766,8,premium,withdrawal
1201.2585618428882,19.743436854299052,4563.235762761782,2,standard,deposit
970.5885236995723,21.68767046442222,5730.7641190665245,4,standard,transfer
887.5424941518055,49.40117215449473,4457.3262002659785,3,basic,withdrawal
798.7965237000597,47.130976999791834,4350.626961678574,3,basic,deposit
828.3284439637573,33.67366253617426,5171.8393397935315,7,premium,deposit
1137.2520380749027,36.04201103951876,4980.7396202656055,5,basic,transfer
1544.0338333179238,38.2876241030348,4549.810735148589,5,standard,transfer
9906.337675110723,15.0,-695.4322404732432,44,standard,deposit
1013.5056409375848,43.406435489887244,3927.2569742601936,4,premium,deposit
996.297372801522,35.281811573691286,5886.8873900973,11,premium,deposit
949.004556515829,37.98752908365686,4004.184605209771,6,standard,withdrawal
696.8511770005537,36.467930119855495,4195.684240340008,8,basic,transfer
835.5559208867137,38.885786045309644,5105.894453115235,2,basic,deposit
592.1535644479799,30.120885918542974,4928.400748141933,3,premium,transfer
968.864552921584,29.488142836714665,4168.177791769555,5,premium,transfer
846.4404869791744,42.60055963689602,4120.1856464979455,6,standard,transfer
1210.7604104069806,21.76910206592502,6125.43478441477,8,standard,deposit
661.5070740570361,37.00569197230943,5473.632076811455,6,premium,withdrawal
934.4675706804463,34.61491530499293,5708.303847201064,3,standard,deposit
1078.8904284756593,35.884068862918475,5499.685110302934,3,premium,transfer
1072.3272050095268,31.7965269180568,4805.091719647319,5,premium,deposit
1376.4048992950068,37.935579321666296,5367.4816654743045,4,basic,deposit
1426.6066749312533,26.963254320302692,2788.1380886704933,8,premium,transfer
1033.2904416426113,37.131966282376894,2470.439922305697,6,standard,transfer
1300.4714104192055,42.42095372009307,5890.383163519786,5,basic,deposit
1046.4507394322006,33.604103718448265,4696.273971223335,4,basic,deposit
1164.3805008750448,39.36323669674032,4611.4815469111145,6,standard,deposit
1039.1690510195363,39.037300903366095,5296.575545140762,4,standard,deposit
1073.3196492193697,21.528737104703033,4521.162543991596,6,standard,withdrawal
830.641256386319,40.97400069849858,4546.751590976986,5,premium,deposit
712.8275697641121,38.09820710227027,4924.048976357477,6,basic,withdrawal
594.9714826684785,25.175126064616904,5101.856295261987,9,premium,transfer
783.6903992771211,51.07345576019993,4075.7668557316956,5,premium,withdrawal
766.2643924760936,46.608267873785195,2996.1376355932466,7,premium,transfer
980.1648272441234,33.90390196074169,3832.220448732065,0,premium,withdrawal
952.2103906267181,32.90976742713975,3877.455193755586,3,basic,transfer
1290.6768954235401,21.799774887792942,5003.695671847848,3,basic,deposit
904.4685106469767,52.72251596669744,4310.272225935826,7,premium,withdrawal
801.8927349738624,19.43418101340249,6800.511181510854,4,standard,withdrawal
993.0576460589514,22.053185242790942,4735.485158689389,5,basic,transfer
1273.374853488905,26.607903326609936,5501.782736167545,2,premium,transfer
1123.1871213888528,39.52371796249734,5058.022734808395,5,standard,withdrawal
938.1575248297571,41.351718016819696,8137.748533659994,2,standard,transfer
1359.1755346191044,43.96839315865532,4368.422270834669,10,premium,deposit
1049.876736742151,42.93488720552213,6738.851351853331,4,basic,withdrawal
845.3980432289068,33.13028697014554,4918.4773268983545,3,standard,deposit
911.9911026606032,26.646529467402427,4765.980140893019,6,basic,withdrawal
907.8722458080425,52.976865268495224,5377.100393902187,5,basic,deposit
957.3105696576306,38.216978061960134,5921.650111924459,5,standard,withdrawal
1077.0634759457673,35.155790475814676,4924.23571346454,5,premium,transfer
10175.386124539948,95.0,-1172.552048409595,52,standard,withdrawal
993.0630225226438,35.824397529345035,6987.061111699441,9,standard,deposit
1051.2059468627751,30.35382702701607,5190.635591265024,5,basic,withdrawal
795.122471733142,43.949243769444415,6140.149038521266,6,premium,deposit
982.1759920974423,36.36535331082737,4473.96515733242,6,basic,deposit
844.4366624818249,45.80048065714649,3888.0329742258364,8,standard,deposit
995.8196812071703,47.27668992473292,4043.5636231819913,4,premium,transfer
1048.7374422983826,59.92999517432791,5584.412980472484,7,premium,withdrawal
9844.178944426183,95.0,-1379.8365088762766,42,premium,deposit
1059.3969346466372,38.46488475897993,5155.190683858979,8,premium,transfer
1117.371418760054,44.9626681944714,1980.4878441791748,10,premium,deposit
1166.784430909781,24.46317580853646,5469.267589808526,3,standard,withdrawal
1064.816793878959,48.99355436586002,3226.9675317931187,3,standard,transfer
968.0122940073146,27.442548405071552,4987.911052153945,4,standard,deposit
1075.4423750129042,32.90778126255472,4937.995990633968,5,basic,deposit
678.5033530877545,42.2762954363698,4475.911602065407,6,premium,deposit
944.9896605696712,40.38296079049633,4844.101822063332,2,premium,withdrawal
1247.5632623946924,32.75234598107316,3496.919698240182,4,standard,transfer
897.756864713763,34.643585177025166,5482.687887209213,4,premium,transfer
1019.3991929985436,45.91310120594269,4641.659847978778,4,basic,transfer
717.5392597329417,20.69224897881952,4527.909422302872,6,premium,deposit
821.0785395560993,48.14914453584048,6563.413358832108,1,premium,transfer
1085.9236438265173,33.955507814625285,3983.3168714235026,4,basic,deposit
1251.1512251147042,51.122782579886454,4648.5857642862675,12,standard,withdrawal
971.5241029957413,38.91804005402547,4816.803381279612,8,standard,transfer
923.088891154035,17.39191188019224,5826.047171441506,6,premium,deposit
841.9051089109377,42.94264679621827,5175.211418908512,4,basic,transfer
734.3627902203139,32.79035826170336,6085.786324939347,3,standard,transfer
1165.4366498072047,23.53654606981312,4683.92714397295,6,standard,withdrawal
933.0997528318103,39.40474737960399,6489.863438602082,3,standard,transfer
915.9626365808285,30.7069777548274,4257.515767461616,1,premium,withdrawal
1300.7985977165376,27.482089499048158,5651.136241823657,4,basic,transfer
810.1202222336115,39.098186569285126,4342.165446147863,2,premium,transfer
889.5553911438058,19.188092979678665,3869.3846650624737,4,standard,transfer
1058.6144946597362,46.081828167375164,3654.129076526785,6,basic,transfer
1117.6634412969154,29.464117582920053,4733.3476707655855,3,premium,transfer
1173.921184021132,26.220174132434387,4668.691616816677,7,standard,transfer
929.6973031917382,53.54092566334188,4790.686180420638,3,standard,withdrawal
1005.2182100421668,21.540203197532513,4347.911111406939,8,premium,withdrawal
1062.8494665190547,53.00940432910816,4379.152401748884,11,standard,deposit
886.7404540794456,30.718848390340874,6238.946352939437,3,standard,transfer
836.3558633533055,24.07687235327421,5744.191971499937,8,basic,withdrawal
903.1531854267497,35.405916912038826,4383.638591960523,2,standard,transfer
995.1749825779993,51.246784584695604,5003.375506597161,5,premium,transfer
8611.377985465017,15.0,-1595.9373520956249,54,basic,withdrawal
910.6970095865958,32.02436496640008,5326.74476460232,3,premium,transfer
1060.3094684667226,23.80330105373856,4806.1738612271965,7,standard,withdrawal
1021.8789589209786,35.66990717224872,5085.8930062933305,5,basic,withdrawal
845.2421601792854,44.13584626233249,7949.0944253087255,5,basic,deposit
1125.1334695530013,38.21357215450273,5000.527958856597,1,basic,deposit
887.963791960606,43.33528961608925,4809.096208272701,2,basic,deposit
1140.0619758817984,25.254706953293585,5553.251219984783,6,premium,deposit
891.01618263821,13.781451009914054,4798.508466052482,5,standard,transfer
1148.652818804543,25.775898155014975,6410.459145203504,7,standard,transfer
1142.5996860344776,30.963515367580033,4374.322712503787,5,basic,deposit
10073.198628162783,15.0,-1954.5987294886213,54,standard,withdrawal
804.4889510402897,38.94671529822981,5340.589216400496,3,premium,withdrawal
9274.756323362215,95.0,-713.7773469224492,49,standard,withdrawal
856.0311583210582,32.18899707114045,4630.389663956366,4,premium,withdrawal
1432.6509446610921,37.603218387712204,4450.459725404465,7,premium,transfer
1094.7665841823575,24.46584436826344,5874.3891807127275,5,standard,withdrawal
888.904576167949,34.39339186185379,6573.019725214856,4,premium,withdrawal
836.8379430069124,46.8703030556038,6236.1307218062175,7,premium,deposit
797.4337759331153,28.2360769794073,4212.216248091761,5,premium,withdrawal
989.9523781101726,22.757017637106344,6537.9319184125525,4,premium,transfer
1068.7236579136923,29.28821010217203,6126.0502507721685,7,basic,withdrawal
9256.140610877084,95.0,-617.8933983305724,49,standard,withdrawal
743.9391202658212,40.462842480037,5295.624488747095,4,basic,transfer
1151.0782451651512,40.8857840442061,5271.495310825648,5,premium,deposit
9918.9761632612,95.0,-1411.0828033447035,57,standard,transfer
974.4164817038467,38.07406697809101,4036.2410737893892,3,premium,deposit
752.4369002346302,60.79709337654319,6372.84847467653,2,standard,withdrawal
927.2775575572289,43.40620026504553,5457.280404615241,5,basic,deposit
1044.7575903277798,49.1093237974627,4758.502554129222,5,standard,deposit
1217.790119393473,32.19324923133226,5547.11911517521,7,premium,deposit
769.8012845155395,30.476936807509233,2469.7124772536704,3,standard,withdrawal
9991.03367423626,95.0,-1450.2242306890134,37,standard,deposit
723.9797083570218,50.615111967268525,5049.77368718096,4,basic,deposit
9669.830332059058,95.0,-1508.9557452385795,51,premium,withdrawal
1138.0287983422224,35.103526198433805,5680.2161054504495,6,standard,transfer
1135.9195497869352,23.96410682784229,5718.185725707935,2,basic,transfer
608.0659752240449,43.77362290575671,5467.693171765433,7,standard,transfer
9770.26466850215,15.0,-28.23555943890142,51,premium,withdrawal
1430.6364915023114,35.6447441481012,3912.7540611371974,6,standard,withdrawal
884.836351871064,40.07835756289624,6235.811620006939,7,standard,transfer
9934.512461978386,15.0,-668.1768264835794,44,standard,deposit
875.3718947150471,54.01190685753008,6755.47569831549,5,standard,transfer
688.6741652952193,38.38483843461691,4375.654610286776,5,premium,withdrawal
1134.9638984333208,36.150260791474174,5463.288530118106,7,basic,deposit
1034.6361851702363,33.2692817571613,6039.111787420268,2,basic,deposit
1284.1008495979709,16.96860323744055,4926.052434391608,5,standard,withdrawal
877.4422619031227,32.314693520941674,5253.165238037981,6,premium,deposit
1112.593847338114,61.01683114180395,4728.344889673946,5,premium,transfer
10703.880927824257,15.0,-1277.6402484526648,42,premium,withdrawal
731.1098977931446,20.936825363281663,6230.874513154735,7,premium,withdrawal
1228.750808641386,23.803825667109887,5692.918623031611,7,premium,withdrawal
8674.501032004315,95.0,-470.2172136883014,43,premium,withdrawal
1231.7191158014807,43.70067730688754,5390.46484992889,4,standard,deposit
1129.0968362282151,37.88693629279857,5915.390275560162,3,basic,withdrawal
863.9950556843019,55.883747047807276,4341.883510924743,3,basic,withdrawal
896.7910543565253,41.77875319530908,6090.980425185967,3,standard,deposit
9022.221789041148,95.0,-842.8306584342847,50,basic,withdrawal
1526.4764129674782,32.58742345381457,5854.525227066616,7,premium,deposit
994.6972249101566,6.514573793699245,4237.275221433786,5,premium,deposit
1012.8560038190925,18.070431858046145,3819.1871846911554,6,basic,withdrawal
1142.1919936406982,55.625249192431454,4199.961435602354,4,premium,transfer
839.5445461556762,37.60673765823907,4692.03847036096,5,premium,withdrawal
1351.0681684886408,52.11708480142343,5778.936503512114,4,basic,transfer
1013.5036962820218,26.15197285973099,3899.845767028305,0,standard,deposit
815.3533507778192,38.50630099273559,4092.2438198530795,7,basic,transfer
908.1278200919512,40.136001065697165,4612.869350210485,6,basic,withdrawal
1035.5402001866507,32.76534017628148,5679.142775438196,5,basic,withdrawal
931.4624811839302,44.19228934575204,4700.323351993213,6,basic,transfer
1150.3866065373547,38.46503881730716,3760.7416051465275,4,standard,withdrawal
1122.3352577681735,28.530632222944263,4346.23366135118,5,standard,transfer
1069.289641899395,6.037446218063106,4132.8697842891,2,premium,deposit
1009.3961187529484,42.59155160302647,5250.200206251695,3,premium,transfer
785.9830467347695,31.299889701178724,3902.697472367156,9,basic,transfer
1102.7571901824417,57.52435805344309,5638.391925608383,4,premium,transfer
1039.616952153571,38.23079273116029,5327.821172843085,4,standard,transfer
1076.4819492368101,41.713400764504655,5558.139514518506,6,premium,deposit
1512.016907653759,13.273304539859637,5597.2282182533845,7,premium,deposit
906.1051228130095,40.69767280232204,3806.0749936009443,1,premium,deposit
904.2502756673045,44.528745472029385,5023.903043284956,3,basic,transfer
1041.7727190009512,50.0339830176715,5253.739661494574,5,premium,deposit
802.8547907328913,46.85704154662997,5683.569323200478,4,standard,withdrawal
1225.3130059095515,48.74876419148185,3120.0756148609553,5,standard,deposit
1206.4930521102294,40.43298029036388,5230.700905718683,7,standard,transfer
1122.0740530866929,38.74056569847572,3706.7270421288363,9,standard,withdrawal
1037.3533528954156,24.996686753944253,4629.491901409971,4,premium,transfer
1335.2874624550566,40.82097703468616,7363.872494619361,2,basic,withdrawal
1269.0840092309954,21.43418195376595,4686.470313827602,4,standard,transfer
1081.6505511428943,25.96298139269872,5197.292265631207,6,standard,transfer
1101.4548062214596,16.18150954502361,4442.576946891679,6,basic,withdrawal
351.74653198618546,27.815927344308026,5498.221748496785,1,basic,deposit
1130.8731312708114,34.78632705651564,5481.866061718491,3,standard,withdrawal
1061.4599041753218,27.30026768941358,5019.147777415752,7,standard,withdrawal
1066.4628023959183,46.965715016644914,5665.924252054461,6,basic,withdrawal
1050.0985700691754,44.98010109859652,5825.098264667635,4,standard,withdrawal
985.9668577082706,44.50307591973576,5756.788679986982,6,standard,withdrawal
932.8430601419743,24.278609880143932,4290.420145250828,6,premium,transfer
1221.7407161165816,32.918831427274604,5181.426620113972,4,basic,transfer
1017.31795749458,42.78361076166638,4083.808084518758,5,premium,deposit
1116.7856370651928,23.562737926793382,4230.003933802543,4,premium,deposit
1337.428327014513,39.90974951638251,5890.198411124787,3,basic,withdrawal
735.9086773831448,15.017993154678923,4990.699678861386,5,premium,deposit
752.6098578243837,35.786351903160906,5000.207064918197,7,standard,deposit
1061.5603537784118,32.61067900830306,5704.506539824723,7,premium,withdrawal
1376.231413888118,51.15582823548232,4075.5340118704457,6,basic,transfer
1202.874013003626,32.410950262959226,5397.927049946809,6,standard,transfer
971.1279176152115,32.47646497873713,5924.27013953783,4,standard,deposit
856.3111557495129,37.673923140719026,4810.879609222967,7,standard,transfer
1042.7959821468444,56.65002344901084,6112.688374989925,6,standard,transfer
757.1622774424536,36.417169136399046,6321.304032273012,7,premium,deposit
1094.647524914709,46.894704889246405,4491.859802352689,3,premium,withdrawal
719.6297874415438,22.170077758114303,3691.179600880888,5,standard,deposit
1237.8033062215104,19.86285607387173,4849.162288433305,2,basic,deposit
644.2559502191443,49.92688568959522,3648.9256337919787,3,standard,deposit
1036.9267717064608,35.519458858072994,5152.354872033722,6,premium,withdrawal
11089.787014204167,95.0,-1251.434376835478,51,standard,withdrawal
1030.7450211891055,20.599491174057057,3928.1427669598443,4,premium,withdrawal
1299.2088622978367,32.28876398957431,3677.5420432564297,7,standard,withdrawal
922.937280627648,57.10523001591351,5006.799844559998,5,basic,deposit
1169.920419404205,24.852432693071332,3636.8259954071896,9,standard,transfer
681.1144682411266,23.298869739406406,6051.947617722919,5,basic,deposit
1280.5588621872198,35.768218910602556,6360.658595838651,3,basic,withdrawal
1096.494483048637,39.5353430151398,2703.8190468627618,7,standard,transfer
1216.6102486350553,28.610382523104978,4130.336918725306,5,basic,deposit
659.323512128969,35.320041490657665,5007.063158628176,4,basic,transfer
905.0109377678087,34.803622010733186,3399.0960215234845,3,premium,withdrawal
850.3026926886893,33.4147042697303,5421.586610614456,7,premium,transfer
710.3972199167513,22.65651128120078,6562.888768508197,11,basic,transfer
859.3647149748225,34.094667176958396,3632.862193539754,6,standard,withdrawal
728.0287718040162,48.92465300064329,4919.400250703239,2,basic,transfer
1046.842946507304,20.424485005350697,4469.029102188036,3,standard,deposit
928.141581842588,36.085597057765234,3703.8833357501053,5,premium,transfer
899.3048691767601,43.50221742113493,4508.363814367953,5,standard,deposit
1014.6635934376808,31.329721609166775,5918.4544439424135,3,basic,transfer
1001.0487399436366,40.41462728204788,4616.028728047649,6,basic,transfer
1111.958089586208,42.9994190194205,5335.058029084117,7,basic,withdrawal
1141.550387091095,40.131057981760826,4303.2281815704255,1,basic,withdrawal
1094.5194964826087,46.87679388461564,6071.543152234885,3,basic,deposit
1315.4906559526949,17.514680267618193,4678.757233882088,8,standard,withdrawal
1016.3748278772645,43.53415558780308,4808.972237399831,4,basic,withdrawal
1333.8043050578785,5.786495165053928,3741.4950893246655,2,premium,withdrawal
1055.8043051540678,18.375080119643258,5814.151762118267,1,basic,withdrawal
804.8253494045334,41.3472146856177,5510.792088527594,6,standard,withdrawal
1044.4267543267426,33.62551485372308,5144.887833096891,6,basic,deposit
1038.8179985796614,30.89185712045415,3072.32742065439,8,basic,deposit
1318.6373253278794,39.66429982433527,5921.801501977252,5,standard,withdrawal
993.3746054252406,36.68654671966728,4508.846252857896,3,basic,withdrawal
884.8724347524452,46.07080669286972,3824.4053943751483,5,standard,deposit
1068.351195155432,28.8659733645906,5783.390509282595,6,basic,transfer
8852.658483678671,15.0,-136.0180823091174,52,premium,deposit
833.8099767177924,41.73181351269958,3851.7367112473817,6,basic,transfer
713.9717244078735,37.78994162223802,3742.422141085384,6,standard,withdrawal
1213.0960750130703,40.51485376040468,5123.547695955583,5,premium,withdrawal
993.4610503811814,28.22284630247894,5420.97294438939,7,standard,deposit
792.5507691347087,29.713833182502434,4078.140186874687,3,basic,withdrawal
1012.0460419882053,46.48765700372103,4230.857650212702,6,premium,transfer
1231.8659606728497,49.12220555415429,4542.69834491321,4,standard,transfer
1009.1143679807627,44.183166060023126,5672.86123596682,3,premium,deposit
1402.04090775327,25.12820472848816,4803.533416571903,2,premium,transfer
751.0690593377166,26.96821049319655,6244.679580736787,2,standard,deposit
585.32195351837,20.617220216826333,3551.4085853664556,2,premium,deposit
1191.8541652170413,39.86501643826202,5034.152417488024,4,standard,transfer
10493.169834238837,95.0,-13.827760458900002,55,premium,transfer
775.4555956875403,33.398672044333594,5043.514668643466,8,premium,transfer
869.6799304788366,19.294993963768228,5591.814133741378,8,premium,transfer
1216.1561451109244,18.83689391563412,5316.155957182778,2,basic,transfer
777.8848309068343,30.526781043412488,6464.177238752438,6,basic,transfer
937.9466486813088,25.960923585352102,4933.8673853741775,6,standard,transfer
953.8130939582644,35.20793707675408,6021.3832954293985,8,premium,withdrawal
1142.322975617778,34.846901508270044,4679.332374442808,4,standard,deposit
1241.3017933016713,44.69457200526737,4640.370327547537,14,basic,deposit
1339.2912736580076,46.39878561129045,6274.875041278722,6,basic,transfer
1064.543712067618,45.85895565831578,2395.786143372866,8,basic,deposit
1088.7638856292456,20.973947282003067,6281.643795003769,6,basic,transfer
1103.5318040938246,36.26379579546412,3910.3669626576116,5,standard,withdrawal
974.8426159800704,46.64739354457171,5606.850593215671,5,premium,deposit
968.3984202842021,24.84178181021603,5555.512646342248,5,standard,deposit
1317.2033632290704,34.117179516487454,4819.608318237592,3,premium,withdrawal
1174.4641273441357,25.606646061812455,5679.373282956503,1,basic,withdrawal
848.1734676892604,36.486674572021116,4535.595737690613,6,premium,withdrawal
905.6136268421133,27.46035411133324,5022.465892812046,9,basic,deposit
9977.63113812166,15.0,-1643.8026418265306,56,standard,deposit
1206.368907893727,32.53937511870051,5367.649292991422,4,premium,withdrawal
696.9617875602896,31.350472704571146,5160.0182258527875,4,standard,withdrawal
718.507245124689,32.097254558113484,3669.6863742610103,4,basic,withdrawal
902.5749232470608,17.392372408441823,6340.4610517903475,1,standard,withdrawal
740.9842455872767,35.86143883046375,5054.934110999849,5,basic,withdrawal
8883.134028067056,15.0,-802.3131594071671,41,basic,transfer
1313.1048058468682,18.165618077790498,5951.449277058086,4,basic,withdrawal
1009.2873096312297,28.29379790923355,3223.7536665335483,7,standard,transfer
1044.7768048558262,29.709473226537053,4148.593565739687,2,standard,deposit
885.8507412501048,19.158640569945103,4548.3405238403775,5,premium,deposit
907.5449422589916,16.693671031435432,6023.709546106981,6,premium,transfer
945.4552860504659,24.902692952900622,5432.959825360696,4,standard,withdrawal
1057.8337287815637,31.809460643333818,5241.321934916781,5,standard,deposit
902.4787551855013,41.963874474567156,4419.946758629957,4,standard,withdrawal
11249.757571547956,95.0,-936.770390469655,52,standard,withdrawal
1154.1730387773935,50.43243528272189,6453.260663321034,8,basic,transfer
1210.6305706665808,37.38368982734785,6431.366781831183,7,basic,deposit
899.6485912830926,50.73986763290033,5513.085420097293,5,basic,deposit
1100.9974557960913,28.98632356048786,5173.341664370409,7,standard,transfer
1184.8054038413802,46.87386051564751,6200.078956426862,5,basic,withdrawal
1131.310721726766,54.14031353866786,5193.589911367544,2,basic,withdrawal
847.3481686914967,27.1510168691776,3468.892497444278,5,premium,deposit
755.8312700057955,23.416353108074574,3497.029671604847,1,premium,transfer
1167.1384224130284,29.481418541075534,6749.58390420542,6,basic,transfer
822.0971140748953,46.05525932957984,5965.397484591171,8,basic,withdrawal
1514.671960649972,30.172564778179677,4131.707268123633,4,basic,withdrawal
1164.0964362394727,33.71462488561069,5595.029465835565,6,standard,transfer
1094.2831112772808,40.08725023229934,4241.71793111241,2,premium,deposit
1491.0600279821788,27.039741431965112,3848.985916380493,6,premium,withdrawal
1369.3273992095333,34.11637040794665,5216.775563762629,7,premium,transfer
659.4832791524319,38.24359281721603,5311.308673442885,6,basic,transfer
707.2970103735763,43.83659937486672,6070.150238316428,4,standard,transfer
934.7952935664317,16.3346338292694,3762.337577672702,3,premium,deposit
841.4958523134599,36.0537550614596,5164.760841236517,5,premium,withdrawal
875.0362844608642,43.71297297457244,4152.366071380915,4,standard,withdrawal
1165.8811162366978,31.27793223928947,5303.818595604876,4,basic,withdrawal
927.806766836184,35.24219456672758,6237.438134684139,7,basic,deposit
1392.945026583278,48.281941418490575,3970.6284918179285,5,premium,withdrawal
1050.8841686602427,34.96625542589048,4284.240010889248,3,premium,withdrawal
1118.1309661384619,34.66770009355539,4543.879172525812,3,standard,withdrawal
1103.0070534417318,28.118496548222762,4099.379265352131,3,premium,withdrawal
735.9533585958716,39.369381697463496,5085.318142565024,9,standard,deposit
783.7886919183475,25.72646865809426,5333.859966568534,3,premium,transfer
1270.7744748330826,44.34319911239274,6401.59859294643,2,premium,transfer
993.0023019006077,38.319803305690144,5848.174212666669,8,premium,withdrawal
872.4520031497368,45.76007138598598,5386.32331781156,2,basic,withdrawal
952.6362786519983,40.639091200523595,4005.6506253914877,2,standard,withdrawal
953.1693250553328,34.178488216074314,4892.6978559957715,7,standard,deposit
874.6065884424465,42.0945181713904,5552.299937679523,6,basic,withdrawal
948.081729727279,39.365598041576675,4782.982949575629,6,basic,deposit
986.8499477854025,26.94129933503811,4633.492979631948,5,basic,withdrawal
1055.993725263964,10.757597397270583,5548.883835317364,1,standard,withdrawal
1333.0948888925154,37.83287871546142,3967.4760964724605,6,premium,transfer
1115.414425436108,55.615035766363974,5294.224129013493,5,basic,withdrawal
963.2033327294641,31.7767953078866,4138.91208982643,7,basic,deposit
1097.8749122455836,45.29960817581161,6223.568882418627,8,basic,transfer
1001.0226913284922,49.76540349725896,4836.933036056236,5,premium,deposit
913.1007545135369,40.11202599524981,5249.308595641729,5,premium,transfer
1069.5163410723342,50.213160519224516,5697.903272539028,3,basic,deposit
956.1798942382271,25.405607632765204,3618.955396846225,4,premium,transfer
786.4759141234811,29.537555517475173,5606.723059136183,3,basic,deposit
720.2864852361718,37.407531794885685,4453.319915412734,4,premium,deposit
1211.424445243783,41.4084286126701,4970.737186315022,11,standard,withdrawal
997.3005550524132,25.33023856870787,4534.689543219946,3,standard,transfer
1124.1344195101356,53.38183676795123,4736.551783917751,5,premium,transfer
957.2022311548982,48.40450446023144,5853.975976552224,4,standard,withdrawal
1071.5574720696566,25.086076505436928,5376.409526097516,4,standard,deposit
816.1151531532394,38.819354522315535,6060.20990749888,2,standard,deposit
1075.1396036691344,10.761206733710434,4713.995778119889,5,basic,transfer
1505.3864851747244,42.08214423256557,5874.517074132523,6,premium,deposit
853.9266736565727,36.798941511534785,5438.475738809727,3,premium,transfer
1176.3279513898901,42.348777860498174,6035.249334723752,4,premium,transfer
1126.4815478111043,42.38810480887503,5260.442263333556,4,standard,deposit
1437.9605866435345,22.903052571588923,5666.312500909212,7,basic,deposit
1056.1983735470064,40.689830791852756,4570.755579701338,3,premium,deposit
1235.8594368127654,30.567177488084898,4441.698246053969,2,standard,withdrawal
718.4976610564357,53.73297776217545,7620.793091029975,7,basic,transfer
1098.3838343013012,35.03046020153415,5978.858050781795,3,basic,deposit
1095.7959651492783,51.6125921454787,4506.877177600228,2,premium,withdrawal
824.8763493230485,47.38283071433636,5207.267329398944,2,premium,deposit
1162.703443473934,32.40957854179297,4974.425687808006,2,standard,transfer
778.7330051987943,55.75260872625265,5521.122428379338,3,premium,withdrawal
539.615767052883,45.72507337309802,4451.712703509399,8,standard,transfer
989.1410266964375,55.574954697116986,4435.225995829058,6,basic,deposit
1019.9302730175283,50.00759790634311,5209.659415274626,3,basic,deposit
9865.934750363624,15.0,-895.5732287328342,45,basic,deposit
666.1189437757257,46.966314866456514,6047.317706621448,6,basic,withdrawal
1196.8644796953167,38.1917451041918,6554.160420714774,4,premium,withdrawal
9977.531023325433,95.0,-846.9327234486224,47,premium,withdrawal
1162.5051644788396,52.359638031652494,5555.604466003449,5,standard,withdrawal
1289.3955768707465,35.754336389015926,5499.864123740372,6,standard,deposit
655.0164334973935,34.102643057127736,3198.9422658472613,5,standard,deposit
1373.1549022289514,41.1277390506257,4523.779126455341,3,standard,deposit
1147.6933159990822,37.08382807947552,5308.050539504103,5,standard,withdrawal
1015.4736615295236,36.81021558703707,3503.470744909921,6,basic,withdrawal
838.3403429289697,40.99928729996205,5462.591292853951,6,basic,deposit
985.4342174686254,22.723921848630077,4852.219681182529,5,basic,deposit
980.78802005507,43.47421677150422,4051.651995775799,5,standard,withdrawal
845.4349570924857,48.84272818510518,4771.400084659981,4,basic,transfer
1041.5375374326222,33.311782768099896,4755.919526325799,5,basic,deposit
864.6155999388083,35.59630369920174,4094.267699137381,10,basic,deposit
996.7154207854496,34.014118677157384,4938.235800139871,4,basic,deposit
935.7228316694013,40.079913269125434,4046.060580603355,4,premium,withdrawal
877.6964394016104,40.13907849658915,5015.618333949603,2,standard,deposit
988.6108752557865,40.4673356820138,6455.822322146767,2,standard,deposit
1034.1730876255883,51.15375689469442,5409.762795959497,5,premium,deposit
861.4180809478692,22.760597332377436,4338.017822203391,7,basic,deposit
1209.801845167378,38.257963165821664,5619.711445966136,5,basic,deposit
1183.572389410955,30.70594458874747,6661.470165728018,5,basic,transfer
1003.6867866130787,47.17158520825497,6403.369970125191,1,standard,transfer
1007.0527103943457,40.5623000940066,3647.3297141564653,5,standard,deposit
841.4254335475312,27.432049114305393,5261.250531233856,5,standard,deposit
9849.063383156008,95.0,-358.6025155805098,62,standard,deposit
702.8879253926057,26.567534046838084,2899.973492348376,3,standard,deposit
1309.5010402660123,51.122206282554245,5895.3554307626,4,premium,withdrawal
1026.1481154572182,56.45149127773388,5466.358374446335,4,standard,withdrawal
1112.1569052736468,13.466098863962852,4097.94844564249,4,basic,withdrawal
1157.4169207484904,37.17432873179723,4862.628211600603,9,standard,transfer
917.6246067755065,30.46771950672725,6487.246155335927,4,premium,deposit
844.3390549195375,30.683796872819517,4520.507032600756,9,basic,withdrawal
880.1249954092455,16.9801956241998,4001.939372685587,8,premium,deposit
859.1312618914482,36.94384301577336,4364.63761117437,3,basic,deposit
1115.3113926111532,55.56207129940322,4640.231354210914,4,standard,transfer
1281.8694880371158,51.95051040430753,4494.253295738064,3,premium,transfer
887.5066448211464,32.40453322416083,5582.026567084727,3,basic,withdrawal
1080.8101713629076,28.283766320619485,5213.293707372939,6,standard,withdrawal
918.3849253956897,33.78252491616716,5887.2908372667425,5,basic,transfer
884.6192688675194,36.70416222375488,6422.3698616985075,1,premium,transfer
972.347139765763,38.520553965142966,4666.18051024399,6,premium,deposit
1141.6712894598706,39.24061044464089,6625.958915362064,8,premium,deposit
9958.11994503493,95.0,-767.8743809384982,42,premium,withdrawal
1415.0801597290879,33.06340540720282,5742.682418359723,5,standard,withdrawal
956.0656224324977,32.42623462576655,4028.343265458714,6,basic,transfer
812.4349920169755,45.09817089342634,6642.672953255964,6,standard,withdrawal
1164.5089824206377,34.963974609094315,7644.343347017035,8,premium,deposit
685.9550560219087,45.85982116175032,3037.374308327421,5,basic,transfer
1009.7043255889654,47.897527540827454,5811.396554491592,6,premium,deposit
1137.2102919996878,45.39904687396076,4612.900297525599,4,standard,transfer
893.9484763255118,44.960476858058165,6211.9439853864005,4,standard,transfer
1044.8184963620834,24.348863369246274,3221.412415993483,7,standard,deposit
1193.7289981065778,30.4111573713106,5754.2913298135745,4,basic,withdrawal
887.255089439205,13.471094070475171,5686.318456956701,4,basic,withdrawal
1029.3427372866645,26.338251517854992,3214.133508065889,3,premium,withdrawal
1240.242784432789,34.17319314157301,5869.1560643892735,10,basic,withdrawal
1046.4099874715273,34.01110346808857,5104.355937523213,4,basic,deposit
854.5725648350262,29.64036554885952,5349.650047299694,2,standard,transfer
977.0527117066202,21.659745050817953,5050.887701856018,4,premium,deposit
617.3439510684404,42.09003757588512,5500.844474944457,5,standard,withdrawal
1004.2007683265518,20.8628550309502,5265.8782296520485,3,premium,withdrawal
1151.3977233290705,33.99845923520047,5570.612997219531,5,premium,deposit
1375.2341678431771,31.975303135118715,4748.4611139555045,3,basic,transfer
1002.0466122039174,39.137990974514985,5151.75799224874,10,standard,deposit
1164.4120319988979,59.03415585238275,2561.182841723571,5,basic,deposit
990.1072580695134,16.248275303542556,5414.865500361911,4,basic,deposit
8748.396407535256,15.0,-1158.0414805614867,55,basic,transfer
460.6226714116857,41.191542610051975,3622.382499245763,2,premium,deposit
1016.4567978550848,36.23204806784486,4407.644044347946,5,standard,deposit
848.7298509431394,33.32878286213589,5032.796995411586,3,standard,withdrawal
11149.71532922663,95.0,-764.7585019354467,46,basic,deposit
869.8714861756346,40.65509645631544,6673.452090298537,6,premium,withdrawal
816.2696107031604,34.16894427371305,6685.01427870851,2,standard,withdrawal
1173.1510388340243,38.19781934142537,5243.9531979085,3,standard,withdrawal
592.3750929644292,50.13449743242131,4236.713895821418,4,basic,transfer
1358.9115727035576,39.41940649569409,4715.124506630329,6,premium,withdrawal
1174.2249406863384,27.83177679397195,5482.248952680658,5,basic,deposit
951.934920368373,25.44877420650647,3680.7528054012328,8,standard,deposit
697.030555062827,42.01172742310898,6452.467534470746,4,premium,withdrawal
1076.0395702011926,34.805803941122676,4670.552213652909,4,basic,withdrawal
963.0195727114021,60.895636420186136,4508.097552493795,5,standard,deposit
950.1927920887243,15.336434106239981,6448.499229892926,5,basic,withdrawal
774.1896457565542,26.536433450091266,5389.1591956679285,5,basic,transfer
1054.0913651559677,33.615440160162265,5818.777643754861,7,basic,withdrawal
1066.2526862807129,45.49552715319335,6056.056809066052,2,premium,transfer
1328.9935427002567,24.551908059789664,6117.398815902461,5,standard,transfer
1057.9549713792826,23.58310885866495,5075.955267916087,5,standard,transfer
833.5288853791542,37.67126651011483,5195.024984028127,4,standard,withdrawal
848.9234135293354,28.222550294751485,3594.432980821358,5,standard,transfer
1424.4312394025267,36.222975030322836,5020.8864882959615,8,premium,transfer
954.8447399026928,28.18948342525119,5747.910256117534,3,basic,withdrawal
1162.7019272001278,25.793264069206337,4547.9096671669195,8,standard,transfer
760.4244214822303,32.49166983544953,5408.652811480671,5,premium,withdrawal
805.0636659545357,33.09317599236653,5850.897962167972,4,basic,deposit
1039.811939114694,35.438114719791095,3392.338972881941,6,premium,transfer
9052.570954939323,15.0,-290.2721596010805,54,premium,withdrawal
1171.2797588646945,48.75706813311619,5300.474359610828,3,standard,deposit
1030.0787572952415,31.629140288819606,5462.060893251896,7,standard,transfer
938.1655753062721,48.73658545162958,6045.088474084753,4,basic,transfer
1255.5353643797018,25.269310591184443,5497.743089091395,5,basic,withdrawal
1295.988827778005,46.73473857485325,4070.4891398075897,4,standard,deposit
898.6113649257741,43.38490774451642,3435.7583882889485,7,premium,withdrawal
1362.4897115993858,30.645136294301565,5625.630933646001,4,standard,transfer
1109.4194762340076,27.94988144241591,4686.941969476846,4,basic,transfer
890.6282117519215,19.36809191303343,5085.687161403359,5,premium,transfer
689.8673137867735,31.513478655921407,5807.12259663731,2,premium,transfer
891.315045773247,34.22162802987198,5255.383755674317,3,premium,deposit
840.3405510923093,35.768518829587684,4253.421653459761,5,standard,deposit
953.0825733249707,48.800913541474515,4255.097355193551,9,standard,withdrawal
1290.2287215590084,34.29501221940909,4324.291920838388,2,basic,withdrawal
1065.750221931937,20.3562511979018,5516.178287114958,5,premium,withdrawal
889.2701389305636,31.773201611578642,3223.7647671016803,3,premium,transfer
997.5506454306171,36.33540904782282,4315.370174239996,5,standard,withdrawal
936.9461510719309,45.225704320096405,5740.824345420126,4,basic,deposit
1122.8333400086851,35.570131248970846,4464.198536947702,7,basic,withdrawal
818.1225090410522,39.770408272231215,5277.376937958192,4,premium,withdrawal
1489.1503959233653,42.36843897092433,4874.5457399971,3,standard,deposit
1293.1297537843109,36.28104414910789,3020.7001896242123,5,premium,deposit
895.4553958961922,40.796331732135755,3123.447293958126,2,standard,transfer
1307.6073132931938,29.26299996061421,2059.6113653357197,6,basic,deposit
1377.237180242106,34.744459290085544,5001.205475362224,2,premium,deposit
1288.254657813223,23.124015809704872,5987.334516589102,3,premium,withdrawal
1040.58460417026,30.169389483165606,5629.529584221811,1,premium,deposit
1014.8189560839551,37.99292580406492,5575.205016106566,4,basic,transfer
931.4570966946461,39.94030186282739,4207.5800790000385,1,premium,withdrawal
